"","Hypothesis","Estimate","Est.Error","CI.Lower","CI.Upper","Evid.Ratio","Post.Prob","Star"
"1","(confidence_selfHigh) < 0",-0.0474124642925948,0.0189803461584737,-0.078634553790226,-0.0162829444943041,172.913043478261,0.99425,"*"
"2","(confidence_otherHigh) > 0",0.122999611329612,0.0151393409593659,0.098120425965724,0.148027229805327,Inf,1,"*"
"3","(confidence_selfHigh:confidence_otherHigh) < 0",-0.0744340720960949,0.0187166606808093,-0.104795147498058,-0.0439195889724483,Inf,1,"*"
